{"cameraMode":{"drawMode":0,"name":"Shaded","section":"Shading Mode"},"sceneLighting":false,"audioPlay":false,"sceneViewState":{"m_AlwaysRefresh":false,"showFog":true,"showSkybox":false,"showFlares":true,"showImageEffects":true,"showParticleSystems":true,"showVisualEffectGraphs":true,"m_FxEnabled":true},"in2DMode":false,"pivot":{"x":-0.0391460657119751,"y":1.2833366394042969,"z":-2.5391530990600588},"rotation":{"x":0.0007420682813972235,"y":0.9992564916610718,"z":-0.0257961954921484,"w":0.028788404539227487},"size":2.1107540130615236,"orthographic":false}